{
	"providers": [
		{
			"type": "bitmap",
			"file": "custom:font/space_split.png",
			"ascent": -32768,
			"height": -3,
			"chars": ["\u0021"]
		},
		{
			"type": "bitmap",
			"file": "custom:font/space_split.png",
			"ascent": -32768,
			"height": 0,
			"chars": ["\u0022"]
		},
		{
			"type": "bitmap",
			"file": "custom:font/pixel.png",
			"ascent": 7,
			"height": 7,
			"chars": ["\u0023"]
		},
		{
			"type": "bitmap",
			"file": "custom:font/pixel.png",
			"ascent": 6,
			"height": 7,
			"chars": ["\u0024"]
		},
		{
			"type": "bitmap",
			"file": "custom:font/pixel.png",
			"ascent": 5,
			"height": 7,
			"chars": ["\u0025"]
		},
		{
			"type": "bitmap",
			"file": "custom:font/pixel.png",
			"ascent": 4,
			"height": 7,
			"chars": ["\u0026"]
		},
		{
			"type": "bitmap",
			"file": "custom:font/pixel.png",
			"ascent": 3,
			"height": 7,
			"chars": ["\u0027"]
		},
		{
			"type": "bitmap",
			"file": "custom:font/pixel.png",
			"ascent": 2,
			"height": 7,
			"chars": ["\u0028"]
		},
		{
			"type": "bitmap",
			"file": "custom:font/pixel.png",
			"ascent": 1,
			"height": 7,
			"chars": ["\u0029"]
		},
		{
			"type": "bitmap",
			"file": "custom:font/pixel.png",
			"ascent": 0,
			"height": 7,
			"chars": ["\u002A"]
		}
	]
}